[
  {
    "id": "montanejos-duplex",
    "name": "Dúplex Montanejos · Fuente de los Baños",
    "location": "Montanejos, Castellón",
    "beds": 3,
    "guests": 6,
    "price": 120,
    "tags": [
      "♨️ Termales incluidas",
      "🔐 Acceso digital",
      "🏞️ Naturaleza"
    ],
    "amenities": [
      "WiFi",
      "Cerradura digital",
      "Cocina equipada",
      "Calefacción"
    ],
    "description": "Dúplex amplio con acceso incluido a la Fuente de los Baños. Llegada 100% autónoma mediante cerradura digital.",
    "images": [
      "mont1.svg",
      "mont2.svg",
      "mont3.svg"
    ]
  },
  {
    "id": "valencia-mendez-nunez",
    "name": "Valencia · C/ Méndez Núñez 47 (Habitación)",
    "location": "Valencia, Centro",
    "beds": 1,
    "guests": 2,
    "price": 40,
    "tags": [
      "🔐 Lockbox",
      "🚶 Ubicación céntrica",
      "🛏️ Habitación privada"
    ],
    "amenities": [
      "WiFi",
      "Ascensor",
      "Calefacción"
    ],
    "description": "Piso grande con 4 habitaciones alquiladas de forma independiente. Recogida de llaves en caja de seguridad.",
    "images": [
      "val1.svg",
      "val2.svg",
      "val3.svg"
    ]
  },
  {
    "id": "altea-hills-villa",
    "name": "Villa Mirador de Altea Hills",
    "location": "Altea Hills, Alicante",
    "beds": 3,
    "guests": 6,
    "price": 230,
    "tags": [
      "🌊 Vistas playa",
      "🍖 Barbacoa/Paellero",
      "🏊 Piscina comunitaria"
    ],
    "amenities": [
      "WiFi",
      "Netflix/Apple TV/Prime",
      "Terraza",
      "Aire acondicionado"
    ],
    "description": "Villa de lujo en urbanización cerrada con terraza, barbacoa y piscina comunitaria. Vistas panorámicas a la playa de Altea.",
    "images": [
      "alt1.svg",
      "alt2.svg",
      "alt3.svg"
    ]
  }
]