[
  {
    "id": "airbnb-vQ58kcRX",
    "name": "Anuncio importado (Airbnb) vQ58kcRX",
    "location": "Valencia, Centro",
    "beds": 2,
    "guests": 4,
    "price": 120,
    "tags": [
      "🔐 Acceso autónomo",
      "WiFi",
      "🧹 Limpieza profesional"
    ],
    "amenities": [
      "WiFi",
      "Smart TV",
      "Cocina equipada",
      "Aire acondicionado"
    ],
    "description": "Anuncio importado (Airbnb) vQ58kcRX. Ficha en preparación. Pronto con fotos y detalles completos.",
    "images": [
      "airbnb-vQ58kcRX-1.svg",
      "airbnb-vQ58kcRX-2.svg",
      "airbnb-vQ58kcRX-3.svg"
    ],
    "source_url": "https://www.airbnb.com/l/vQ58kcRX",
    "rules": [
      "No fiestas",
      "No fumar",
      "Silencio de 22:00 a 08:00"
    ],
    "seasons": [
      {
        "name": "Baja",
        "date_from": "2025-01-10",
        "date_to": "2025-03-20",
        "price": 120,
        "min_nights": 2
      },
      {
        "name": "Media",
        "date_from": "2025-03-21",
        "date_to": "2025-06-14",
        "price": 130,
        "min_nights": 2
      },
      {
        "name": "Alta",
        "date_from": "2025-06-15",
        "date_to": "2025-09-15",
        "price": 150,
        "min_nights": 3
      }
    ]
  },
  {
    "id": "airbnb-ZcG21Iqs",
    "name": "Anuncio importado (Airbnb) ZcG21Iqs",
    "location": "Montanejos, Castellón",
    "beds": 2,
    "guests": 4,
    "price": 130,
    "tags": [
      "🔐 Acceso autónomo",
      "WiFi",
      "🧹 Limpieza profesional"
    ],
    "amenities": [
      "WiFi",
      "Smart TV",
      "Cocina equipada",
      "Aire acondicionado"
    ],
    "description": "Anuncio importado (Airbnb) ZcG21Iqs. Ficha en preparación. Pronto con fotos y detalles completos.",
    "images": [
      "airbnb-ZcG21Iqs-1.svg",
      "airbnb-ZcG21Iqs-2.svg",
      "airbnb-ZcG21Iqs-3.svg"
    ],
    "source_url": "https://www.airbnb.com/l/ZcG21Iqs",
    "rules": [
      "No fiestas",
      "No fumar",
      "Silencio de 22:00 a 08:00"
    ],
    "seasons": [
      {
        "name": "Baja",
        "date_from": "2025-01-10",
        "date_to": "2025-03-20",
        "price": 130,
        "min_nights": 2
      },
      {
        "name": "Media",
        "date_from": "2025-03-21",
        "date_to": "2025-06-14",
        "price": 140,
        "min_nights": 2
      },
      {
        "name": "Alta",
        "date_from": "2025-06-15",
        "date_to": "2025-09-15",
        "price": 160,
        "min_nights": 3
      }
    ]
  },
  {
    "id": "airbnb-VfuAvKjZ",
    "name": "Anuncio importado (Airbnb) VfuAvKjZ",
    "location": "Altea Hills, Alicante",
    "beds": 2,
    "guests": 4,
    "price": 140,
    "tags": [
      "🔐 Acceso autónomo",
      "WiFi",
      "🧹 Limpieza profesional"
    ],
    "amenities": [
      "WiFi",
      "Smart TV",
      "Cocina equipada",
      "Aire acondicionado"
    ],
    "description": "Anuncio importado (Airbnb) VfuAvKjZ. Ficha en preparación. Pronto con fotos y detalles completos.",
    "images": [
      "airbnb-VfuAvKjZ-1.svg",
      "airbnb-VfuAvKjZ-2.svg",
      "airbnb-VfuAvKjZ-3.svg"
    ],
    "source_url": "https://www.airbnb.com/l/VfuAvKjZ",
    "rules": [
      "No fiestas",
      "No fumar",
      "Silencio de 22:00 a 08:00"
    ],
    "seasons": [
      {
        "name": "Baja",
        "date_from": "2025-01-10",
        "date_to": "2025-03-20",
        "price": 140,
        "min_nights": 2
      },
      {
        "name": "Media",
        "date_from": "2025-03-21",
        "date_to": "2025-06-14",
        "price": 150,
        "min_nights": 2
      },
      {
        "name": "Alta",
        "date_from": "2025-06-15",
        "date_to": "2025-09-15",
        "price": 170,
        "min_nights": 3
      }
    ]
  },
  {
    "id": "airbnb-lquYR0rn",
    "name": "Anuncio importado (Airbnb) lquYR0rn",
    "location": "Valencia, El Cabañal",
    "beds": 2,
    "guests": 4,
    "price": 150,
    "tags": [
      "🔐 Acceso autónomo",
      "WiFi",
      "🧹 Limpieza profesional"
    ],
    "amenities": [
      "WiFi",
      "Smart TV",
      "Cocina equipada",
      "Aire acondicionado"
    ],
    "description": "Anuncio importado (Airbnb) lquYR0rn. Ficha en preparación. Pronto con fotos y detalles completos.",
    "images": [
      "airbnb-lquYR0rn-1.svg",
      "airbnb-lquYR0rn-2.svg",
      "airbnb-lquYR0rn-3.svg"
    ],
    "source_url": "https://www.airbnb.com/l/lquYR0rn",
    "rules": [
      "No fiestas",
      "No fumar",
      "Silencio de 22:00 a 08:00"
    ],
    "seasons": [
      {
        "name": "Baja",
        "date_from": "2025-01-10",
        "date_to": "2025-03-20",
        "price": 150,
        "min_nights": 2
      },
      {
        "name": "Media",
        "date_from": "2025-03-21",
        "date_to": "2025-06-14",
        "price": 160,
        "min_nights": 2
      },
      {
        "name": "Alta",
        "date_from": "2025-06-15",
        "date_to": "2025-09-15",
        "price": 180,
        "min_nights": 3
      }
    ]
  },
  {
    "id": "airbnb-k9Apy4wb",
    "name": "Anuncio importado (Airbnb) k9Apy4wb",
    "location": "Bétera, Valencia",
    "beds": 2,
    "guests": 4,
    "price": 160,
    "tags": [
      "🔐 Acceso autónomo",
      "WiFi",
      "🧹 Limpieza profesional"
    ],
    "amenities": [
      "WiFi",
      "Smart TV",
      "Cocina equipada",
      "Aire acondicionado"
    ],
    "description": "Anuncio importado (Airbnb) k9Apy4wb. Ficha en preparación. Pronto con fotos y detalles completos.",
    "images": [
      "airbnb-k9Apy4wb-1.svg",
      "airbnb-k9Apy4wb-2.svg",
      "airbnb-k9Apy4wb-3.svg"
    ],
    "source_url": "https://www.airbnb.com/l/k9Apy4wb",
    "rules": [
      "No fiestas",
      "No fumar",
      "Silencio de 22:00 a 08:00"
    ],
    "seasons": [
      {
        "name": "Baja",
        "date_from": "2025-01-10",
        "date_to": "2025-03-20",
        "price": 160,
        "min_nights": 2
      },
      {
        "name": "Media",
        "date_from": "2025-03-21",
        "date_to": "2025-06-14",
        "price": 170,
        "min_nights": 2
      },
      {
        "name": "Alta",
        "date_from": "2025-06-15",
        "date_to": "2025-09-15",
        "price": 190,
        "min_nights": 3
      }
    ]
  },
  {
    "id": "aloj-6-proximo",
    "name": "Próximo alojamiento — Valencia",
    "location": "Valencia",
    "beds": 2,
    "guests": 4,
    "price": 158,
    "tags": [
      "🛏️ Confort",
      "🔐 Acceso autónomo",
      "WiFi"
    ],
    "amenities": [
      "WiFi",
      "Cocina equipada",
      "Calefacción"
    ],
    "description": "Próximo alojamiento — Valencia. Ficha en preparación. Pronto con fotos y detalles completos.",
    "images": [
      "aloj-6-proximo-1.svg",
      "aloj-6-proximo-2.svg",
      "aloj-6-proximo-3.svg"
    ],
    "source_url": null,
    "rules": [
      "No fiestas",
      "No fumar",
      "Silencio de 22:00 a 08:00"
    ],
    "seasons": [
      {
        "name": "Baja",
        "date_from": "2025-01-10",
        "date_to": "2025-03-20",
        "price": 158,
        "min_nights": 2
      },
      {
        "name": "Media",
        "date_from": "2025-03-21",
        "date_to": "2025-06-14",
        "price": 168,
        "min_nights": 2
      },
      {
        "name": "Alta",
        "date_from": "2025-06-15",
        "date_to": "2025-09-15",
        "price": 188,
        "min_nights": 3
      }
    ]
  },
  {
    "id": "aloj-7-proximo",
    "name": "Próximo alojamiento — Montanejos",
    "location": "Montanejos",
    "beds": 2,
    "guests": 4,
    "price": 166,
    "tags": [
      "🛏️ Confort",
      "🔐 Acceso autónomo",
      "WiFi"
    ],
    "amenities": [
      "WiFi",
      "Cocina equipada",
      "Calefacción"
    ],
    "description": "Próximo alojamiento — Montanejos. Ficha en preparación. Pronto con fotos y detalles completos.",
    "images": [
      "aloj-7-proximo-1.svg",
      "aloj-7-proximo-2.svg",
      "aloj-7-proximo-3.svg"
    ],
    "source_url": null,
    "rules": [
      "No fiestas",
      "No fumar",
      "Silencio de 22:00 a 08:00"
    ],
    "seasons": [
      {
        "name": "Baja",
        "date_from": "2025-01-10",
        "date_to": "2025-03-20",
        "price": 166,
        "min_nights": 2
      },
      {
        "name": "Media",
        "date_from": "2025-03-21",
        "date_to": "2025-06-14",
        "price": 176,
        "min_nights": 2
      },
      {
        "name": "Alta",
        "date_from": "2025-06-15",
        "date_to": "2025-09-15",
        "price": 196,
        "min_nights": 3
      }
    ]
  },
  {
    "id": "aloj-8-proximo",
    "name": "Próximo alojamiento — Altea Hills",
    "location": "Altea Hills",
    "beds": 2,
    "guests": 4,
    "price": 174,
    "tags": [
      "🛏️ Confort",
      "🔐 Acceso autónomo",
      "WiFi"
    ],
    "amenities": [
      "WiFi",
      "Cocina equipada",
      "Calefacción"
    ],
    "description": "Próximo alojamiento — Altea Hills. Ficha en preparación. Pronto con fotos y detalles completos.",
    "images": [
      "aloj-8-proximo-1.svg",
      "aloj-8-proximo-2.svg",
      "aloj-8-proximo-3.svg"
    ],
    "source_url": null,
    "rules": [
      "No fiestas",
      "No fumar",
      "Silencio de 22:00 a 08:00"
    ],
    "seasons": [
      {
        "name": "Baja",
        "date_from": "2025-01-10",
        "date_to": "2025-03-20",
        "price": 174,
        "min_nights": 2
      },
      {
        "name": "Media",
        "date_from": "2025-03-21",
        "date_to": "2025-06-14",
        "price": 184,
        "min_nights": 2
      },
      {
        "name": "Alta",
        "date_from": "2025-06-15",
        "date_to": "2025-09-15",
        "price": 204,
        "min_nights": 3
      }
    ]
  },
  {
    "id": "aloj-9-proximo",
    "name": "Próximo alojamiento — Bétera",
    "location": "Bétera",
    "beds": 2,
    "guests": 4,
    "price": 182,
    "tags": [
      "🛏️ Confort",
      "🔐 Acceso autónomo",
      "WiFi"
    ],
    "amenities": [
      "WiFi",
      "Cocina equipada",
      "Calefacción"
    ],
    "description": "Próximo alojamiento — Bétera. Ficha en preparación. Pronto con fotos y detalles completos.",
    "images": [
      "aloj-9-proximo-1.svg",
      "aloj-9-proximo-2.svg",
      "aloj-9-proximo-3.svg"
    ],
    "source_url": null,
    "rules": [
      "No fiestas",
      "No fumar",
      "Silencio de 22:00 a 08:00"
    ],
    "seasons": [
      {
        "name": "Baja",
        "date_from": "2025-01-10",
        "date_to": "2025-03-20",
        "price": 182,
        "min_nights": 2
      },
      {
        "name": "Media",
        "date_from": "2025-03-21",
        "date_to": "2025-06-14",
        "price": 192,
        "min_nights": 2
      },
      {
        "name": "Alta",
        "date_from": "2025-06-15",
        "date_to": "2025-09-15",
        "price": 212,
        "min_nights": 3
      }
    ]
  }
]