[
  {
    "id": "montanejos-duplex",
    "name": "Dúplex Montanejos · Fuente de los Baños",
    "location": "Montanejos, Castellón",
    "beds": 3,
    "guests": 6,
    "price": 120,
    "tags": [
      "♨️ Termales incluidas",
      "🔐 Acceso digital",
      "🏞️ Naturaleza"
    ],
    "amenities": [
      "WiFi",
      "Cerradura digital",
      "Cocina equipada",
      "Calefacción"
    ],
    "description": "Dúplex amplio con acceso incluido a la Fuente de los Baños. Llegada 100% autónoma mediante cerradura digital.",
    "images": [
      "mont1.svg",
      "mont2.svg",
      "mont3.svg"
    ],
    "rules": [
      "No fiestas. Respeto al vecindario.",
      "No fumar dentro del alojamiento.",
      "Silencio de 22:00 a 08:00."
    ],
    "seasons": [
      {
        "name": "Baja",
        "date_from": "2025-01-10",
        "date_to": "2025-03-20",
        "price": 96,
        "min_nights": 2
      },
      {
        "name": "Media",
        "date_from": "2025-03-21",
        "date_to": "2025-06-14",
        "price": 120,
        "min_nights": 2
      },
      {
        "name": "Alta",
        "date_from": "2025-06-15",
        "date_to": "2025-09-15",
        "price": 150,
        "min_nights": 3
      }
    ]
  },
  {
    "id": "valencia-mendez-nunez",
    "name": "Valencia · C/ Méndez Núñez 47 (Habitación)",
    "location": "Valencia, Centro",
    "beds": 1,
    "guests": 2,
    "price": 40,
    "tags": [
      "🔐 Lockbox",
      "🚶 Ubicación céntrica",
      "🛏️ Habitación privada"
    ],
    "amenities": [
      "WiFi",
      "Ascensor",
      "Calefacción"
    ],
    "description": "Piso grande con 4 habitaciones alquiladas de forma independiente. Recogida de llaves en caja de seguridad.",
    "images": [
      "val1.svg",
      "val2.svg",
      "val3.svg"
    ],
    "rules": [
      "No fiestas. Respeto al vecindario.",
      "No fumar dentro del alojamiento.",
      "Silencio de 22:00 a 08:00."
    ],
    "seasons": [
      {
        "name": "Baja",
        "date_from": "2025-01-10",
        "date_to": "2025-03-20",
        "price": 32,
        "min_nights": 2
      },
      {
        "name": "Media",
        "date_from": "2025-03-21",
        "date_to": "2025-06-14",
        "price": 40,
        "min_nights": 2
      },
      {
        "name": "Alta",
        "date_from": "2025-06-15",
        "date_to": "2025-09-15",
        "price": 50,
        "min_nights": 3
      }
    ]
  },
  {
    "id": "altea-hills-villa",
    "name": "Villa Mirador de Altea Hills",
    "location": "Altea Hills, Alicante",
    "beds": 3,
    "guests": 6,
    "price": 230,
    "tags": [
      "🌊 Vistas playa",
      "🍖 Barbacoa/Paellero",
      "🏊 Piscina comunitaria"
    ],
    "amenities": [
      "WiFi",
      "Netflix/Apple TV/Prime",
      "Terraza",
      "Aire acondicionado"
    ],
    "description": "Villa de lujo en urbanización cerrada con terraza, barbacoa y piscina comunitaria. Vistas panorámicas a la playa de Altea.",
    "images": [
      "alt1.svg",
      "alt2.svg",
      "alt3.svg"
    ],
    "rules": [
      "No fiestas. Respeto al vecindario.",
      "No fumar dentro del alojamiento.",
      "Silencio de 22:00 a 08:00."
    ],
    "seasons": [
      {
        "name": "Baja",
        "date_from": "2025-01-10",
        "date_to": "2025-03-20",
        "price": 184,
        "min_nights": 2
      },
      {
        "name": "Media",
        "date_from": "2025-03-21",
        "date_to": "2025-06-14",
        "price": 230,
        "min_nights": 2
      },
      {
        "name": "Alta",
        "date_from": "2025-06-15",
        "date_to": "2025-09-15",
        "price": 287,
        "min_nights": 3
      }
    ]
  }
]